method,acc,f1_macro,log_loss
mixed_cwr,0.9858854860186418,0.9833265218818746,0.10616698725593497
mixed_lr_mse,0.9848202396804261,0.9828998727610159,0.09965289855949964
